id,width,height,area_ratio,box_scale,total_corners,error,perimeter,file,label
0,560,467,0.32457555827470175,0.8339285714285715,590,0.47750275523418295,1.130263743521292,./data/img/0.png,BOLT
1,323,332,0.5122813234361595,0.9728915662650602,661,0.03552971369502415,0.8435425609122705,./data/img/1.png,WASHER
2,338,300,0.4536785009861933,0.8875739644970414,356,0.15297107751109978,1.3848911023999457,./data/img/2.png,NUT
3,324,323,0.5147154378320529,0.9969135802469136,470,0.01252150587572908,0.8278984849382958,./data/img/3.png,WASHER
4,292,152,0.569777397260274,0.5205479452054794,267,0.48111968713548553,0.9874904000007354,./data/img/4.png,NUT
5,217,215,0.4768835065909334,0.9907834101382489,380,0.023033279879004543,0.828351296208523,./data/img/5.png,WASHER
6,270,249,0.42544994793990776,0.9222222222222223,564,0.18164644871980767,1.0906263859745164,./data/img/6.png,NUT
7,537,192,0.4642205927995034,0.3575418994413408,653,0.6156503749735885,1.1752154941585002,./data/img/7.png,BOLT
8,338,327,0.4487360440077448,0.9674556213017751,615,0.03371754997354857,0.856755190594752,./data/img/8.png,WASHER
9,249,405,0.49513609995537705,0.6148148148148148,747,0.41972524768338026,1.1362402278713495,./data/img/9.png,BOLT
10,416,426,0.34434249729144095,0.9765258215962441,465,0.022647166020384704,0.8318073775026408,./data/img/10.png,WASHER
11,395,400,0.22841772151898734,0.9875,235,0.016926288397448298,0.8321164392825192,./data/img/11.png,WASHER
12,217,373,0.40945874155248885,0.5817694369973191,503,0.5303470956833125,1.2107168390589245,./data/img/12.png,BOLT
13,270,271,0.4842285089517562,0.996309963099631,409,0.040221763293963805,0.8533052239091912,./data/img/13.png,NUT
14,297,297,0.5306714734324162,1.0,490,0.015142293814979387,0.8287298711462053,./data/img/14.png,WASHER
15,436,447,0.2692619502083205,0.9753914988814317,691,0.04471330936184428,0.8496054542564184,./data/img/15.png,WASHER
16,264,240,0.4318339646464647,0.9090909090909091,459,0.34931144393004704,1.1049705397278544,./data/img/16.png,BOLT
17,170,251,0.44933208343098197,0.6772908366533864,166,0.4885616052475776,0.968788482655822,./data/img/17.png,BOLT
18,290,256,0.4568426724137931,0.8827586206896552,503,0.13856701000862545,0.8583878339865268,./data/img/18.png,NUT
19,395,379,0.4476203199625931,0.959493670886076,1206,0.04784007975700607,0.952418836666324,./data/img/19.png,WASHER
20,220,215,0.47078224101479915,0.9772727272727273,166,0.04636923777761364,0.8445114442671853,./data/img/20.png,NUT
21,285,270,0.5344509421702404,0.9473684210526315,562,0.11541355274801772,0.8345846402752507,./data/img/21.png,NUT
22,208,225,0.566025641025641,0.9244444444444444,340,0.10500310166905315,0.856461338991381,./data/img/22.png,NUT
23,249,195,0.4022860673463083,0.7831325301204819,341,0.46585493022378976,0.9468172583225611,./data/img/23.png,BOLT
24,251,207,0.414843043285794,0.8247011952191236,724,0.45797478916529316,1.0980650078521546,./data/img/24.png,BOLT
26,366,373,0.2564277238166396,0.9812332439678284,696,0.5527723269435099,1.664539344417226,./data/img/26.png,WASHER
27,419,366,0.31731810060383164,0.8735083532219571,805,0.500391812328589,1.1366731771997585,./data/img/27.png,BOLT
28,637,450,0.3381196581196581,0.706436420722135,1479,0.5222053122925093,0.9815919954182363,./data/img/28.png,BOLT
29,386,423,0.3198348828378594,0.9125295508274232,672,0.4667885472927363,0.9583249388283351,./data/img/29.png,BOLT
30,327,334,0.4425277884597777,0.9790419161676647,449,0.039799540284392934,0.8629335189370633,./data/img/30.png,WASHER
31,387,268,0.3081202514558988,0.6925064599483204,334,0.5747270632365339,0.9332988433255494,./data/img/31.png,BOLT
32,386,375,0.23801727115716753,0.9715025906735751,347,0.028277166860628533,0.8501932130693293,./data/img/32.png,WASHER
33,209,227,0.47341019750015806,0.920704845814978,326,0.3604723934426656,1.1073419175563601,./data/img/33.png,BOLT
34,238,229,0.47996403801695353,0.9621848739495799,262,0.3247580249891438,1.0231732161958926,./data/img/34.png,BOLT
35,339,330,0.40555108608205953,0.9734513274336283,452,0.027490557302826818,0.8520703969693149,./data/img/35.png,WASHER
36,256,255,0.5527267156862745,0.99609375,351,0.01600424249901078,0.8397887086681657,./data/img/36.png,WASHER
37,380,385,0.241203007518797,0.987012987012987,240,0.019606292930253164,0.8382874893207176,./data/img/37.png,WASHER
38,313,322,0.3117198817296053,0.9720496894409938,550,0.03630958656785068,0.841698812218163,./data/img/38.png,WASHER
39,271,269,0.5250277781588225,0.992619926199262,631,0.016753945589956507,0.8701881168065247,./data/img/39.png,WASHER
40,299,262,0.4316806658326738,0.8762541806020067,512,0.3701511303664979,0.9446249371543926,./data/img/40.png,BOLT
41,706,514,0.32123488497701747,0.7280453257790368,2807,0.5358545911033122,1.7749311677745132,./data/img/41.png,BOLT
42,470,580,0.2515700660308144,0.8103448275862069,811,0.5815560111976861,1.1410622756254105,./data/img/42.png,BOLT
43,307,278,0.5117052937454597,0.9055374592833876,628,0.1502508408794375,0.8621997675325117,./data/img/43.png,NUT
44,389,353,0.40274692863957123,0.9074550128534704,423,0.12831157264005172,0.8603925183616237,./data/img/44.png,NUT
45,385,294,0.45792031098153546,0.7636363636363637,697,0.4164624238123581,1.2970711059528177,./data/img/45.png,BOLT
46,578,577,0.3758073318021265,0.9982698961937716,3399,0.006921792185417771,0.8372255874402595,./data/img/46.png,WASHER
47,295,295,0.5034530307382936,1.0,755,0.09190778706880715,0.8533185283006248,./data/img/47.png,NUT
48,416,437,0.3188424133075163,0.9519450800915332,863,0.42645770709302194,1.5345953474430518,./data/img/48.png,BOLT
49,268,312,0.4008084577114428,0.8589743589743589,406,0.4419666216485988,1.1206845431492247,./data/img/49.png,BOLT
50,510,512,0.35492110906862745,0.99609375,798,0.009927429754870154,0.8306466893323947,./data/img/50.png,WASHER
51,481,481,0.24411633767143123,1.0,911,0.009048649002195786,0.8347416030641901,./data/img/51.png,WASHER
52,534,574,0.23233697425256758,0.9303135888501742,672,0.5689848282835098,1.1354268438549249,./data/img/52.png,BOLT
53,319,508,0.4897255202033915,0.6279527559055118,2152,0.3425138401288017,1.0092593204441787,./data/img/53.png,BOLT
54,313,293,0.5632925885136683,0.9361022364217252,764,0.13059919637726836,0.9006819624711971,./data/img/54.png,NUT
55,372,381,0.20882369542516863,0.9763779527559056,758,0.3687573301157817,1.3803953807034182,./data/img/55.png,NUT
56,235,269,0.38272561891956025,0.8736059479553904,477,0.2981812924310437,1.1030206297125136,./data/img/56.png,NUT
57,608,605,0.3297846889952153,0.9950657894736842,3898,0.0077176210671158025,0.8481991829600889,./data/img/57.png,WASHER
58,398,324,0.4648784043675166,0.8140703517587939,764,0.3895716691170008,1.362497885471566,./data/img/58.png,BOLT
59,342,278,0.5046909840548613,0.8128654970760234,1019,0.1745136177252756,0.9126830995082855,./data/img/59.png,BOLT
60,259,345,0.4020703933747412,0.7507246376811594,323,0.4844151766299625,1.060602046697345,./data/img/60.png,BOLT
61,542,552,0.37067490240119794,0.9818840579710145,1281,0.02311246974065347,0.8578323953439374,./data/img/61.png,WASHER
62,505,514,0.21883884886543128,0.9824902723735408,1334,0.021698107378432054,0.8391402017496987,./data/img/62.png,WASHER
63,216,209,0.5710836434520645,0.9675925925925926,222,0.08572395214916291,0.8435402673833511,./data/img/63.png,NUT
64,299,218,0.4580405633457089,0.7290969899665551,536,0.4488918603359613,1.5574332536765638,./data/img/64.png,BOLT
65,274,261,0.6115306093911682,0.9525547445255474,363,0.0864064749750496,0.8563054335451572,./data/img/65.png,NUT
66,372,372,0.3614218406752226,1.0,299,0.002919697678868097,0.830326636151601,./data/img/66.png,WASHER
67,242,188,0.4364119922630561,0.7768595041322314,255,0.44985072811297316,0.9401724765467089,./data/img/67.png,BOLT
68,273,260,0.49319526627218935,0.9523809523809523,372,0.08357739564261459,0.8594795345812757,./data/img/68.png,NUT
69,433,506,0.28875206528585384,0.8557312252964426,1017,0.5228139955460523,1.4711115982331915,./data/img/69.png,BOLT
70,370,366,0.44479397430217105,0.9891891891891892,696,0.02905776894894569,0.8538196303112351,./data/img/70.png,WASHER
71,224,272,0.4883797268907563,0.8235294117647058,285,0.381925790992604,1.1240330142599921,./data/img/71.png,BOLT
72,215,204,0.48333333333333334,0.9488372093023256,287,0.08658799573925459,1.1098398620302752,./data/img/72.png,NUT
73,380,369,0.37434032235059195,0.9710526315789474,328,0.029175864228473226,0.8333081363517547,./data/img/73.png,WASHER
74,338,338,0.2829120128847029,1.0,444,0.0058167411783383175,0.8303360551948378,./data/img/74.png,WASHER
75,277,281,0.4630959569356476,0.9857651245551602,425,0.06135718114038469,0.8468789197638044,./data/img/75.png,NUT
76,213,206,0.5165914581339167,0.9671361502347418,221,0.08672726476622437,0.9130684531389387,./data/img/76.png,NUT
77,307,444,0.2884203421662705,0.6914414414414415,388,0.5875981674555604,0.9264257935963363,./data/img/77.png,BOLT
78,264,353,0.35389303802901534,0.7478753541076487,584,0.4916111977689624,1.0770579586152706,./data/img/78.png,BOLT
79,371,375,0.40679964061096135,0.9893333333333333,492,0.01901594117522602,0.8345335209018104,./data/img/79.png,WASHER
80,307,216,0.5181716733019665,0.7035830618892508,539,0.39014728540404786,1.1936545024410488,./data/img/80.png,BOLT
81,222,294,0.43307593307593306,0.7551020408163265,433,0.3318776395416475,0.9666520446076874,./data/img/81.png,NUT
82,207,221,0.43213762651102805,0.9366515837104072,546,0.0829145942649571,0.9138598823658773,./data/img/82.png,WASHER
83,242,251,0.33950149813967273,0.9641434262948207,399,0.43261804879609267,1.075554355041976,./data/img/83.png,BOLT
84,399,398,0.35577007846248787,0.9974937343358395,317,0.0092535411903013,0.831346076435247,./data/img/84.png,WASHER
85,232,235,0.4377659574468085,0.9872340425531915,161,0.07769331957671495,0.8247568914926027,./data/img/85.png,NUT
86,216,213,0.37184837419579203,0.9861111111111112,220,0.0362983691587651,0.8705715070237646,./data/img/86.png,WASHER
87,396,398,0.4677871681640526,0.9949748743718593,1185,0.012810349958393688,0.8607348129340924,./data/img/87.png,WASHER
88,307,282,0.3699263058192991,0.9185667752442996,384,0.4151183726304375,1.201747079555369,./data/img/88.png,BOLT
89,311,309,0.5112332074215132,0.9935691318327974,420,0.011078212197605495,0.8343328377892895,./data/img/89.png,WASHER
90,326,205,0.5774951369145593,0.6288343558282209,877,0.38518080482166445,0.9870726951098038,./data/img/90.png,BOLT
91,267,199,0.4236726704684471,0.7453183520599251,224,0.47457180870037013,0.9419567249875211,./data/img/91.png,BOLT
92,309,310,0.5244493162125483,0.9967741935483871,239,0.012427299713785445,0.8275695373823262,./data/img/92.png,WASHER
93,401,401,0.3692141218027251,1.0,464,0.006391813934447396,0.8339469608969224,./data/img/93.png,WASHER
94,209,212,0.4817865848153832,0.9858490566037735,409,0.01918910323368897,0.8334869647535745,./data/img/94.png,WASHER
95,312,321,0.4493569773943606,0.9719626168224299,427,0.028835241841950923,0.8285275379440042,./data/img/95.png,WASHER
96,472,472,0.2104325265728239,1.0,1044,0.009045283477884972,0.843681815001419,./data/img/96.png,WASHER
97,249,301,0.5230890338763693,0.8272425249169435,412,0.3430023841014141,1.1276706543835726,./data/img/97.png,BOLT
98,228,244,0.5296412136899626,0.9344262295081968,310,0.10865636011875975,0.9325272171931752,./data/img/98.png,NUT
99,356,367,0.39054893916664113,0.9700272479564033,872,0.046481102612974466,0.867076805188613,./data/img/99.png,WASHER
100,253,267,0.5785406581693832,0.947565543071161,580,0.10435340193354778,0.8373390400638947,./data/img/100.png,NUT
101,251,174,0.4389797133305857,0.6932270916334662,233,0.4822124996778247,0.9788284380295698,./data/img/101.png,BOLT
102,220,256,0.4036221590909091,0.859375,316,0.29010549982322953,1.245537213668102,./data/img/102.png,NUT
103,251,249,0.4618953903262452,0.9920318725099602,326,0.32069125398331194,1.104597101688385,./data/img/103.png,BOLT
104,286,288,0.5510149572649573,0.9930555555555556,864,0.02944836594374454,0.9100666200865436,./data/img/104.png,WASHER
105,216,212,0.4056385394828791,0.9814814814814815,197,0.39353002210801064,0.9001732822333541,./data/img/105.png,BOLT
106,443,237,0.33849568058214513,0.5349887133182845,335,0.6072826061207233,1.0071141953854,./data/img/106.png,BOLT
107,360,360,0.45968364197530864,1.0,721,0.009688286854238363,0.8450565083987183,./data/img/107.png,WASHER
108,293,283,0.45903833861961674,0.9658703071672355,222,0.029786566290900728,0.8289349901800355,./data/img/108.png,WASHER
109,209,202,0.47761618267089867,0.9665071770334929,161,0.08833307789116403,0.8321131812975064,./data/img/109.png,NUT
110,222,213,0.4858731971408028,0.9594594594594594,251,0.08592165986689065,0.858631296541499,./data/img/110.png,NUT
111,276,184,0.5559231253938248,0.6666666666666666,248,0.420000925422233,1.1134927547496298,./data/img/111.png,BOLT
112,274,254,0.43728087821139144,0.927007299270073,659,0.332730200266754,1.2129952659209569,./data/img/112.png,BOLT
113,422,424,0.24990498971653402,0.9952830188679245,555,0.01327340814646932,0.8361733170406757,./data/img/113.png,WASHER
114,374,371,0.4962883952895052,0.9919786096256684,774,0.011598512277885196,0.8700249762343081,./data/img/114.png,WASHER
115,294,297,0.5417439703153989,0.98989898989899,529,0.02649034220006481,0.8746073812801018,./data/img/115.png,WASHER
116,222,227,0.5364725959439616,0.9779735682819384,327,0.09358384524650419,0.8517258877478092,./data/img/116.png,NUT
117,433,444,0.2132825666312964,0.9752252252252253,552,0.024897798167353283,0.836482342523751,./data/img/117.png,WASHER
118,246,290,0.408130081300813,0.8482758620689655,350,0.3885551194022045,0.9355397542465979,./data/img/118.png,BOLT
119,266,287,0.4433863404154987,0.926829268292683,723,0.34105016839933006,1.4016515401345264,./data/img/119.png,BOLT
120,267,284,0.4869968876932004,0.9401408450704225,451,0.07152690769421476,0.8710181834260695,./data/img/120.png,NUT
121,275,283,0.4845229681978799,0.9717314487632509,444,0.09491632444328474,0.9172808375196218,./data/img/121.png,NUT
122,266,297,0.3442950811371864,0.8956228956228957,352,0.43477634476216165,1.0471640902556492,./data/img/122.png,BOLT
123,451,501,0.29756451620041513,0.9001996007984032,1051,0.46827193680870954,1.0902733686340957,./data/img/123.png,BOLT
124,295,226,0.47901604919754015,0.7661016949152543,471,0.4103335267987698,1.1172697494904047,./data/img/124.png,BOLT
125,211,224,0.5058606973595126,0.9419642857142857,306,0.09984132347397884,0.8367105279845753,./data/img/125.png,NUT
126,211,225,0.6183464981569247,0.9377777777777778,352,0.0946228547554729,0.8420657161452355,./data/img/126.png,NUT
127,287,263,0.4957274015977531,0.9163763066202091,787,0.11151599899093612,0.8575617120482705,./data/img/127.png,NUT
128,267,187,0.43615934627170583,0.700374531835206,322,0.46287294912876725,1.0847549454231094,./data/img/128.png,BOLT
129,302,182,0.49150352958299975,0.6026490066225165,534,0.49548763315754657,1.341343465545946,./data/img/129.png,BOLT
130,217,223,0.4341923084871154,0.9730941704035875,311,0.06688381563256265,0.9544555865905502,./data/img/130.png,NUT
131,251,227,0.41132386752549277,0.9043824701195219,425,0.40880096652755726,0.8673386462812145,./data/img/131.png,BOLT
132,167,265,0.4955372274319286,0.630188679245283,422,0.4721478963985163,1.120868726874943,./data/img/132.png,BOLT
133,187,273,0.4568764568764569,0.684981684981685,194,0.4719295806980963,0.9368518137413523,./data/img/133.png,BOLT
134,297,303,0.44365547665877697,0.9801980198019802,614,0.04119007922269417,0.8745703371365865,./data/img/134.png,WASHER
135,277,204,0.5506476959014652,0.7364620938628159,587,0.36031116891035736,1.220324780366029,./data/img/135.png,BOLT
136,260,283,0.3677222071215004,0.9187279151943463,396,0.4168144627644025,1.1480169205156259,./data/img/136.png,BOLT
137,219,271,0.41202042157407875,0.8081180811808119,510,0.38613889405198726,1.1216576690576514,./data/img/137.png,BOLT
138,207,233,0.3993489664323775,0.8884120171673819,194,0.4350141076955566,0.9066614052111452,./data/img/138.png,BOLT
139,294,294,0.514658244250081,1.0,636,0.024228049093223233,0.9234790110669169,./data/img/139.png,WASHER
140,348,350,0.3210344827586207,0.9942857142857143,456,0.01134918380561154,0.8756418978758049,./data/img/140.png,WASHER
141,263,154,0.4448175398745741,0.5855513307984791,310,0.4983403773950484,1.0324643199964108,./data/img/141.png,BOLT
142,372,370,0.4338927637314734,0.9946236559139785,684,0.00866819461493007,0.8300327993628149,./data/img/142.png,WASHER
143,235,206,0.4057426151621566,0.8765957446808511,229,0.4328223372317625,0.9748335186045727,./data/img/143.png,BOLT
144,259,174,0.45147117560910666,0.6718146718146718,259,0.47615262442217954,1.039477991314463,./data/img/144.png,BOLT
145,508,422,0.27084654998693886,0.8307086614173228,1444,0.5225602627216469,1.178704386693175,./data/img/145.png,BOLT
146,266,180,0.4558688387635756,0.6766917293233082,327,0.4748661943771531,0.9114726589399603,./data/img/146.png,BOLT
147,202,204,0.3616530770724131,0.9901960784313726,409,0.018229286042584756,0.8316634770097404,./data/img/147.png,WASHER
148,440,453,0.19176700782661046,0.9713024282560706,340,0.029831887064538938,0.8379080268864135,./data/img/148.png,WASHER
149,267,257,0.6529095440038474,0.9625468164794008,590,0.03712704162550586,0.8632145380700817,./data/img/149.png,NUT
150,208,211,0.4130058330295297,0.985781990521327,147,0.033809025687154215,0.8356578833732514,./data/img/150.png,WASHER
151,296,293,0.46917950373581774,0.9898648648648649,339,0.018934275523087487,0.8299683011650837,./data/img/151.png,WASHER
152,291,263,0.5722629453961037,0.9037800687285223,654,0.11964669612615952,0.841815971510505,./data/img/152.png,NUT
153,209,216,0.6005449229133439,0.9675925925925926,378,0.086613441175226,0.8285662437887753,./data/img/153.png,NUT
154,278,266,0.5384729810136853,0.9568345323741008,315,0.09407783836251217,0.8436231987879557,./data/img/154.png,NUT
155,295,293,0.5191184126800485,0.9932203389830508,446,0.012528298416121138,0.8297645968644798,./data/img/155.png,WASHER
156,210,217,0.5088215931533904,0.967741935483871,228,0.08195362220948513,0.9188614885477606,./data/img/156.png,NUT
157,379,385,0.37703457492375697,0.9844155844155844,587,0.020338288207702986,0.8323638318252813,./data/img/157.png,WASHER
158,457,450,0.21585703865791392,0.9846827133479212,608,0.017496473659886685,0.8354877629774277,./data/img/158.png,WASHER
159,202,211,0.3502181971751678,0.957345971563981,128,0.04345615850088257,0.8323890851138579,./data/img/159.png,WASHER
160,362,378,0.26071355491244996,0.9576719576719577,441,0.04480789436802578,0.8393889082444681,./data/img/160.png,WASHER
161,308,276,0.5024585921325052,0.8961038961038961,344,0.12882665049476655,0.8460869597245569,./data/img/161.png,NUT
162,269,256,0.5292460501858736,0.9516728624535316,905,0.238991950105758,1.4048800123305547,./data/img/162.png,NUT
163,189,331,0.567208555123963,0.5709969788519638,698,0.4474129314262176,1.2800470211184942,./data/img/163.png,BOLT
164,322,240,0.48350155279503104,0.7453416149068323,362,0.39351031184851115,1.0900944368482908,./data/img/164.png,BOLT
165,300,236,0.39590395480225987,0.7866666666666666,684,0.25688705228633724,1.0469885310575144,./data/img/165.png,NUT
166,233,231,0.4656002080894785,0.9914163090128756,268,0.08264990868654921,0.8256707244135183,./data/img/166.png,NUT
167,181,269,0.47283780730760544,0.6728624535315985,209,0.4689777159188341,0.9423385322093963,./data/img/167.png,BOLT
168,406,398,0.45115973958462263,0.9802955665024631,1306,0.018787714223724116,0.9622346313290335,./data/img/168.png,WASHER
169,326,246,0.3817522070926231,0.754601226993865,388,0.42558974004692696,1.0349598491525316,./data/img/169.png,BOLT
170,458,456,0.41373630583007737,0.9956331877729258,1674,0.010284225829514743,0.846507343669428,./data/img/170.png,WASHER
171,263,208,0.4407355952032758,0.7908745247148289,287,0.43935441547569143,0.9729004351702971,./data/img/171.png,BOLT
172,326,320,0.5496740797546013,0.9815950920245399,832,0.020121901588573257,0.9205302022189917,./data/img/172.png,WASHER
173,316,326,0.4571619942533199,0.9693251533742331,488,0.029376107618156608,0.8291064787690885,./data/img/173.png,WASHER
174,238,262,0.5156520623516582,0.9083969465648855,467,0.1537042061688485,0.8776610299348832,./data/img/174.png,NUT
175,313,326,0.5679060742076482,0.9601226993865031,624,0.11003401721204421,0.8313879844541654,./data/img/175.png,NUT
176,411,494,0.25127811105529124,0.8319838056680162,545,0.5768408193990219,1.0533478690115787,./data/img/176.png,BOLT
177,341,367,0.4666751899765875,0.9291553133514986,781,0.10800802760313699,1.0781153822686038,./data/img/177.png,WASHER
178,915,397,0.4523158662647451,0.43387978142076505,2805,0.5638603450093208,1.4737087064763394,./data/img/178.png,BOLT
179,219,226,0.5603911585242656,0.9690265486725663,755,0.046293691629886224,0.8745669299297119,./data/img/179.png,WASHER
180,509,368,0.32492312291791237,0.7229862475442044,673,0.5909512529717513,1.0581477206272574,./data/img/180.png,BOLT
181,204,227,0.3393582102444502,0.8986784140969163,369,0.33145960452768564,1.1922104557816224,./data/img/181.png,NUT
182,320,306,0.5227328431372549,0.95625,398,0.08592062433494832,0.8320973804012274,./data/img/182.png,NUT
184,349,335,0.5334730359663004,0.9598853868194842,876,0.05079007315188374,0.9149495053012469,./data/img/184.png,WASHER
186,272,255,0.42877739331026526,0.9375,406,0.17251564825903998,1.166421520302825,./data/img/186.png,NUT
187,315,288,0.48381834215167546,0.9142857142857143,1001,0.3102457320545407,1.3719340846510866,./data/img/187.png,BOLT
188,512,528,0.20133833451704544,0.9696969696969697,484,0.03371047687311405,0.8463994591281965,./data/img/188.png,WASHER
189,291,298,0.3459604695680251,0.9765100671140939,762,0.08614475138898015,1.0214483431320645,./data/img/189.png,WASHER
190,268,375,0.2905074626865672,0.7146666666666667,407,0.5808363856196704,0.9540156494959331,./data/img/190.png,BOLT
191,233,213,0.5529428358419473,0.9141630901287554,458,0.1615332920607134,0.9422527530268169,./data/img/191.png,NUT
192,488,553,0.28316855897785553,0.8824593128390597,1200,0.5079619205138183,1.0871571688899389,./data/img/192.png,BOLT
193,250,215,0.4940279069767442,0.86,399,0.16343016339744826,0.9343814379425459,./data/img/193.png,NUT
194,276,285,0.3482456140350877,0.968421052631579,284,0.034748732803419384,0.8400980053525983,./data/img/194.png,WASHER
195,308,311,0.4372781559276736,0.9903536977491961,1032,0.058343025423275206,1.0012048010101997,./data/img/195.png,WASHER
196,310,310,0.4745681581685744,1.0,482,0.027843532804316142,0.8598150758012648,./data/img/196.png,WASHER
197,241,242,0.5289599122115154,0.9958677685950413,570,0.05689601190506389,0.8759888063800014,./data/img/197.png,WASHER
198,308,297,0.42544492544492546,0.9642857142857143,478,0.04259794413619005,0.8523976396923223,./data/img/198.png,WASHER
199,284,283,0.33980739561041157,0.9964788732394366,199,0.009665421877908474,0.8322412133006613,./data/img/199.png,WASHER
200,293,184,0.5206633031607063,0.6279863481228669,495,0.41878352606911595,1.0076270996899475,./data/img/200.png,BOLT
201,288,285,0.30421539961013644,0.9895833333333334,472,0.013383310002386517,0.8328878335511706,./data/img/201.png,WASHER
202,220,239,0.5713579307721567,0.9205020920502092,399,0.11579328953319523,0.8696781770855773,./data/img/202.png,NUT
203,211,226,0.4901019167051126,0.9336283185840708,288,0.31171189195880783,0.9032444304677932,./data/img/203.png,BOLT
204,352,356,0.24437404239019409,0.9887640449438202,316,0.022300069722407237,0.8338553925692025,./data/img/204.png,WASHER
205,228,253,0.5511580334234797,0.9011857707509882,595,0.12478012530905445,0.830405247434509,./data/img/205.png,NUT
206,242,251,0.5249086299430378,0.9641434262948207,481,0.03587831450616079,0.8429949202595569,./data/img/206.png,WASHER
207,223,229,0.5692325768108564,0.9737991266375546,453,0.07485679309558518,0.9355769210157141,./data/img/207.png,NUT
208,294,291,0.3104238258877434,0.9897959183673469,354,0.030180430045604185,0.8340197993139935,./data/img/208.png,WASHER
209,230,246,0.46857546836337927,0.9349593495934959,287,0.17787288082754943,0.9700210259742096,./data/img/209.png,NUT
210,304,310,0.4696943972835314,0.9806451612903225,687,0.05109015091045558,0.8801766980548635,./data/img/210.png,WASHER
211,250,238,0.5184705882352941,0.952,569,0.060366163397448255,0.8357359359010321,./data/img/211.png,WASHER
212,222,220,0.5991400491400491,0.990990990990991,119,0.07723729983117927,0.8338816357414107,./data/img/212.png,NUT
213,346,347,0.2739251386783495,0.9971181556195965,390,0.010273380366279528,0.8358260941883874,./data/img/213.png,WASHER
214,308,308,0.5015179625569236,1.0,542,0.00976146243607199,0.8463594572884696,./data/img/214.png,WASHER
215,255,184,0.4814151747655584,0.7215686274509804,406,0.39722438408180044,1.2069309915931459,./data/img/215.png,BOLT
216,237,229,0.4909255062369871,0.9662447257383966,472,0.10278853887146419,0.8806770084497755,./data/img/216.png,NUT
217,289,297,0.32781098179022056,0.9730639730639731,374,0.033717495891864964,0.8385441355127523,./data/img/217.png,WASHER
218,241,248,0.5169154062374515,0.9717741935483871,390,0.031130148308998774,0.8553238242925554,./data/img/218.png,WASHER
219,321,327,0.4193127363838159,0.981651376146789,493,0.04343386933316268,0.8882584002466849,./data/img/219.png,WASHER
220,251,219,0.47255725954628974,0.8725099601593626,290,0.24631148223365718,0.9372071664384071,./data/img/220.png,NUT
221,307,309,0.53886130525073,0.9935275080906149,984,0.060358626735704,0.860168055957788,./data/img/221.png,WASHER
222,575,296,0.3996886016451234,0.5147826086956522,927,0.5484650821120041,1.0800936111900208,./data/img/222.png,BOLT
223,296,290,0.4585158434296365,0.9797297297297297,404,0.023750747400370174,0.85186770599043,./data/img/223.png,WASHER
224,256,408,0.39889705882352944,0.6274509803921569,540,0.5094526136089054,1.1702129804944417,./data/img/224.png,BOLT
225,251,237,0.5343184225124817,0.9442231075697212,611,0.07413961194588396,0.8726638366208702,./data/img/225.png,WASHER
226,374,145,0.5009588788493454,0.3877005347593583,217,0.5939571728057813,1.0015434991417593,./data/img/226.png,BOLT
227,196,226,0.5183312262958281,0.8672566371681416,311,0.3145997453537487,1.1279465986936579,./data/img/227.png,BOLT
228,231,233,0.5562677665681958,0.9914163090128756,369,0.01664206179307172,0.8288269008285013,./data/img/228.png,WASHER
229,298,307,0.45981898869772425,0.9706840390879479,641,0.058875866078643854,1.0796863440639717,./data/img/229.png,WASHER
230,239,242,0.5344928939451572,0.987603305785124,479,0.032281914507345154,0.8299007977120841,./data/img/230.png,WASHER
231,238,197,0.4454847929019323,0.8277310924369747,257,0.3611431672813548,0.9047518601362733,./data/img/231.png,BOLT
232,285,297,0.30579479000531634,0.9595959595959596,277,0.04174388775664067,0.8377292737928043,./data/img/232.png,WASHER
233,188,223,0.45157904780078234,0.8430493273542601,266,0.2906265009871847,1.0915053275089774,./data/img/233.png,NUT
234,256,173,0.5429010115606936,0.67578125,504,0.38440481622947953,0.9674879716826486,./data/img/234.png,BOLT
235,299,306,0.3340109733971627,0.9771241830065359,714,0.06553080468925915,0.8945078202515594,./data/img/235.png,WASHER
236,313,319,0.4383807225054333,0.9811912225705329,516,0.029700990610231105,0.8689978933787044,./data/img/236.png,WASHER
237,201,235,0.4761511590981264,0.8553191489361702,366,0.3581007437505493,1.0512307569247867,./data/img/237.png,BOLT
238,311,312,0.4491714073707643,0.9967948717948718,487,0.01960879784846728,0.8304292550056359,./data/img/238.png,WASHER
240,429,291,0.3823084132362483,0.6783216783216783,501,0.4859241331541873,0.9729788346423043,./data/img/240.png,BOLT
241,243,245,0.5517594692197867,0.9918367346938776,564,0.023157430369543208,0.8391311292032726,./data/img/241.png,WASHER
242,329,317,0.42756464959297363,0.9635258358662614,406,0.030822725254785122,0.8423929601999998,./data/img/242.png,WASHER
243,224,439,0.4359034331272372,0.510250569476082,679,0.5506832127693383,1.1822642881765983,./data/img/243.png,BOLT
244,247,254,0.5724441327425165,0.9724409448818898,382,0.037854918310958066,0.8313293245262252,./data/img/244.png,WASHER
246,218,237,0.3976502922618356,0.919831223628692,254,0.28120545923679025,1.0183679669767947,./data/img/246.png,NUT
247,312,323,0.2875089306977852,0.9659442724458205,549,0.04776529046662373,0.8664671941066352,./data/img/247.png,WASHER
248,260,212,0.49909288824383163,0.8153846153846154,487,0.3444292284862057,0.9578885750497802,./data/img/248.png,BOLT
249,331,337,0.43241862174688694,0.9821958456973294,453,0.02129000007823259,0.8625096046995974,./data/img/249.png,WASHER
250,265,241,0.4949659437876771,0.909433962264151,508,0.15060998255017166,0.86942889473655,./data/img/250.png,NUT
251,261,229,0.4764677341096555,0.8773946360153256,423,0.12864767529539453,0.8545686358091783,./data/img/251.png,NUT
252,320,670,0.43907182835820896,0.47761194029850745,946,0.5509606494745256,1.0645317420814977,./data/img/252.png,BOLT
253,337,332,0.40676951127953953,0.9851632047477745,352,0.013620653689693465,0.830236913377394,./data/img/253.png,WASHER
254,308,312,0.33844280719280717,0.9871794871794872,352,0.017405272207441636,0.8360267919878805,./data/img/254.png,WASHER
255,259,261,0.5474785129957543,0.9923371647509579,399,0.007113933864705035,0.835239266203,./data/img/255.png,WASHER
256,201,204,0.5180957955321432,0.9852941176470589,280,0.0662036228361257,0.8502050401251993,./data/img/256.png,NUT
257,240,497,0.4835764587525151,0.482897384305835,567,0.5174969938044376,1.1245867157079472,./data/img/257.png,BOLT
258,385,399,0.2617778211763174,0.9649122807017544,534,0.03890473684862003,0.8495125638283029,./data/img/258.png,WASHER
259,267,274,0.4895158424232483,0.9744525547445255,418,0.02426278058536448,0.8336996767745661,./data/img/259.png,WASHER
260,369,379,0.3324323744556707,0.9736147757255936,1117,0.03585590178690533,0.849575289589836,./data/img/260.png,WASHER
261,325,326,0.4406512505899009,0.9969325153374233,493,0.012081516177003383,0.8410131508304227,./data/img/261.png,WASHER
262,374,375,0.25163636363636366,0.9973333333333333,384,0.023794607841892686,0.8699648011828933,./data/img/262.png,WASHER
263,273,254,0.4968705834847567,0.9304029304029304,482,0.07203826322436128,0.8919794217911345,./data/img/263.png,WASHER
264,301,302,0.3313348441178412,0.9966887417218543,539,0.010903623684277856,0.8368648489316305,./data/img/264.png,WASHER
265,324,321,0.47302988346602054,0.9907407407407407,596,0.016431923494994435,0.8324700966361881,./data/img/265.png,WASHER
266,248,253,0.541374474053296,0.9802371541501976,365,0.031761955989115076,0.8580454432083937,./data/img/266.png,WASHER
267,258,255,0.5103967168262654,0.9883720930232558,340,0.01951119746991988,0.8360822707356533,./data/img/267.png,WASHER
268,300,303,0.2812981298129813,0.9900990099009901,242,0.01737977740043274,0.8318897252454489,./data/img/268.png,WASHER
270,326,326,0.43324927547141406,1.0,346,0.0008419136326848159,0.8362516958289351,./data/img/270.png,WASHER
271,325,331,0.5095793632349523,0.9818731117824774,593,0.026724912879471933,0.828658639021763,./data/img/271.png,WASHER
272,254,262,0.5368906653843842,0.9694656488549618,390,0.02916309551096143,0.834529674445936,./data/img/272.png,WASHER
273,269,267,0.5127605363184495,0.9925650557620818,472,0.013304079567760996,0.8573463080979106,./data/img/273.png,WASHER
274,384,397,0.22449622166246852,0.9672544080604534,445,0.03211630766585933,0.8469683953802961,./data/img/274.png,WASHER
275,313,329,0.4495178535012673,0.9513677811550152,666,0.06699201415640281,0.8957257173328756,./data/img/275.png,WASHER
276,366,377,0.286986708411242,0.9708222811671088,699,0.039596813919157446,0.8957649852032616,./data/img/276.png,WASHER
277,324,328,0.4117359229147847,0.9878048780487805,885,0.07535763692511034,1.0762839711334076,./data/img/277.png,WASHER
278,262,256,0.510183086832061,0.9770992366412213,784,0.07580956133463138,0.9676774515838696,./data/img/278.png,WASHER
279,254,250,0.5297795275590551,0.984251968503937,597,0.05902796065704276,0.8727793009981276,./data/img/279.png,WASHER
280,320,317,0.4156742902208202,0.990625,482,0.046711639959948315,0.8614804038260384,./data/img/280.png,WASHER
281,367,362,0.26030830836858504,0.9863760217983651,482,0.019830819367869075,0.832087029481948,./data/img/281.png,WASHER
282,292,293,0.333804759455795,0.9965870307167235,439,0.01068908117167977,0.8406856043725951,./data/img/282.png,WASHER
283,245,246,0.5646922183507549,0.9959349593495935,309,0.007595598786436347,0.8287976432720658,./data/img/283.png,WASHER
284,317,314,0.42398882838714863,0.9905362776025236,277,0.015453194296352573,0.8333948415168303,./data/img/284.png,WASHER
285,246,246,0.5709729658272192,1.0,219,0.0028282645277279057,0.8297409244426867,./data/img/285.png,WASHER
286,307,301,0.2750332766998171,0.9804560260586319,691,0.023512095640761226,0.8323087468743324,./data/img/286.png,WASHER
287,253,254,0.5510877345865364,0.9960629921259843,387,0.021254385109891666,0.8289020716321068,./data/img/287.png,WASHER
288,252,257,0.5155024396269532,0.980544747081712,461,0.027483584826992973,0.832829481960514,./data/img/288.png,WASHER
289,322,335,0.4034300546954668,0.9611940298507463,366,0.03784191478974054,0.8298875282162763,./data/img/289.png,WASHER
290,376,389,0.2450705573483564,0.9665809768637532,333,0.04019425911450007,0.8478751009585811,./data/img/290.png,WASHER
291,371,375,0.38461096136567835,0.9893333333333333,948,0.07428705228633713,1.0075558217057594,./data/img/291.png,WASHER
292,334,350,0.26591103507271174,0.9542857142857143,392,0.07856142870357072,0.9370566982100581,./data/img/292.png,WASHER
293,356,361,0.4831849730772822,0.9861495844875346,886,0.023529393206918756,0.8669917344049429,./data/img/293.png,WASHER
294,356,362,0.42416506300825624,0.9834254143646409,503,0.02719481185140273,0.8584125095921307,./data/img/294.png,WASHER
295,295,292,0.4675760390062689,0.9898305084745763,627,0.06539816339744835,0.8901185024739124,./data/img/295.png,WASHER
296,335,333,0.3340773609430326,0.9940298507462687,776,0.016028593337301243,0.8335216380878837,./data/img/296.png,WASHER
297,365,355,0.39700559521512635,0.9726027397260274,481,0.023457836882154644,0.8459398966696527,./data/img/297.png,WASHER
298,416,412,0.25402002427184467,0.9903846153846154,555,0.02430637807940097,0.8366494836726627,./data/img/298.png,WASHER
299,287,285,0.4991503148114188,0.9930313588850174,366,0.018556268995428095,0.8357922297257644,./data/img/299.png,WASHER
300,436,424,0.20241366626276613,0.9724770642201835,609,0.030032453440373922,0.8397451169962107,./data/img/300.png,WASHER
301,282,288,0.5432796493301812,0.9791666666666666,486,0.026717607841892692,0.8295272193456951,./data/img/301.png,WASHER
302,299,298,0.48749747480415706,0.9966555183946488,453,0.01519984346814102,0.8316720012244667,./data/img/302.png,WASHER
303,417,432,0.22862820854427568,0.9652777777777778,493,0.03885431051678979,0.8444501293562046,./data/img/303.png,WASHER
304,298,302,0.5229454642428553,0.9867549668874173,515,0.03506923045591068,0.8385246436794599,./data/img/304.png,WASHER
305,373,388,0.3823415604875487,0.961340206185567,538,0.03986529593012976,0.8352602825214922,./data/img/305.png,WASHER
306,297,306,0.4879294029620827,0.9705882352941176,421,0.03439961583027328,0.8430126211536464,./data/img/306.png,WASHER
307,219,234,0.5836748234008508,0.9358974358974359,583,0.0939031674152728,0.9459072638294818,./data/img/307.png,NUT
308,299,289,0.31685780745506936,0.9665551839464883,487,0.44745451623466487,1.6338040653337427,./data/img/308.png,NUT
309,288,295,0.47309322033898304,0.976271186440678,455,0.08602442022020043,1.0348174120099836,./data/img/309.png,NUT
310,304,293,0.4008779414406323,0.9638157894736842,520,0.09972144075201884,0.8348537334045972,./data/img/310.png,NUT
311,230,213,0.6548479281486017,0.9260869565217391,491,0.09268549799102103,0.8563292446308696,./data/img/311.png,NUT
312,213,232,0.567124008418326,0.9181034482758621,417,0.0996074380704566,0.8503463095493531,./data/img/312.png,NUT
313,235,216,0.6244089834515366,0.9191489361702128,466,0.10234700902895578,0.8421230752293657,./data/img/313.png,NUT
314,276,312,0.2818422519509476,0.8846153846153846,284,0.24068046122782297,0.9037606246820112,./data/img/314.png,NUT
315,246,233,0.4023517917582609,0.9471544715447154,157,0.12547351537048024,0.8283692783751916,./data/img/315.png,NUT
316,290,309,0.48764646802812184,0.9385113268608414,610,0.12890105926154685,0.9116616813288706,./data/img/316.png,NUT
317,224,250,0.4385357142857143,0.896,406,0.12400616339744826,1.14080633103596,./data/img/317.png,NUT
318,228,262,0.47443752511048615,0.8702290076335878,457,0.17398274471555322,0.9572320770244209,./data/img/318.png,NUT
319,301,337,0.38648619340083007,0.8931750741839762,419,0.1925955500082311,1.1576262940433706,./data/img/319.png,NUT
320,282,323,0.48858221900182247,0.8730650154798761,822,0.1643244446806965,1.0708546952767806,./data/img/320.png,NUT
322,221,208,0.6487991646362687,0.9411764705882353,260,0.09645854299655555,0.8404542325815677,./data/img/322.png,NUT
323,281,281,0.44917110978837654,1.0,328,0.05589879028920499,0.8574761244537992,./data/img/323.png,NUT
324,224,200,0.4591294642857143,0.8928571428571429,249,0.12154492679030537,0.9122582706359198,./data/img/324.png,NUT
325,210,221,0.4799612152553329,0.9502262443438914,338,0.08895460163581355,0.8297102528769013,./data/img/325.png,NUT
326,280,258,0.6011074197120708,0.9214285714285714,445,0.1016672960505095,0.8521683152945069,./data/img/326.png,NUT
327,259,280,0.5115554329840044,0.925,488,0.08881653074438706,0.855796225659259,./data/img/327.png,NUT
328,213,237,0.4990194330540203,0.8987341772151899,317,0.12346720503963525,0.8399775429566702,./data/img/328.png,NUT
329,290,279,0.48364849833147944,0.9620689655172414,584,0.10738983997295364,0.9706111342919522,./data/img/329.png,NUT
330,285,280,0.4457518796992481,0.9824561403508771,539,0.05558591347439507,0.8674597978591919,./data/img/330.png,NUT
331,220,222,0.44477886977886977,0.990990990990991,409,0.06518470669750505,1.1335164691528044,./data/img/331.png,NUT
332,211,249,0.4482765183958583,0.8473895582329317,436,0.1759805733585779,0.8931285586046136,./data/img/332.png,NUT
333,288,281,0.46509242783708976,0.9756944444444444,361,0.10157534318139887,0.9511906563292907,./data/img/333.png,NUT
334,265,303,0.23462233015754405,0.8745874587458746,258,0.2691415872447835,0.8033425218202699,./data/img/334.png,NUT
335,296,240,0.3894847972972973,0.8108108108108109,613,0.3216073032805747,1.03668378860648,./data/img/335.png,NUT
336,320,275,0.4365227272727273,0.859375,588,0.17435324152244833,1.0786487792720314,./data/img/336.png,NUT
337,215,221,0.6466589498053247,0.9728506787330317,276,0.08244367843604287,0.8392633667232794,./data/img/337.png,NUT
338,257,285,0.5991535258379411,0.9017543859649123,486,0.10829136130449664,0.8520858180039044,./data/img/338.png,NUT
339,173,231,0.43675399744763904,0.7489177489177489,402,0.2517687336641224,1.041380734136789,./data/img/339.png,NUT
340,299,255,0.2550331169257,0.8528428093645485,404,0.2777416494882079,0.821015715061112,./data/img/340.png,NUT
341,215,219,0.4808537750876075,0.9817351598173516,282,0.06353039583630482,0.8840266473007642,./data/img/341.png,NUT
342,234,212,0.5039509756490889,0.905982905982906,431,0.14705715967182914,1.014705013400236,./data/img/342.png,NUT
343,226,227,0.42668901797200887,0.9955947136563876,368,0.08509348059747161,0.8569604825499831,./data/img/343.png,NUT
344,228,223,0.44982692156399967,0.9780701754385965,417,0.0625796038406616,0.9780545296795881,./data/img/344.png,NUT
345,200,245,0.3407142857142857,0.8163265306122449,318,0.301658055109235,0.9303885443826739,./data/img/345.png,NUT
346,364,303,0.2971203713777971,0.8324175824175825,315,0.5406851154563783,0.8701064406127587,./data/img/346.png,BOLT
347,252,172,0.5391057585825028,0.6825396825396826,524,0.41742134303967554,1.5095658243264791,./data/img/347.png,BOLT
348,244,437,0.4367708294256668,0.5583524027459954,574,0.4888474143229912,1.0095188195834952,./data/img/348.png,BOLT
349,644,249,0.48495223128539,0.38664596273291924,1465,0.5575942110036364,1.0501345530869846,./data/img/349.png,BOLT
350,414,174,0.4525098561830196,0.42028985507246375,372,0.598299281276512,1.0267931863564213,./data/img/350.png,BOLT
351,264,178,0.5250468164794008,0.6742424242424242,488,0.36332229103748503,0.8945794314550598,./data/img/351.png,BOLT
352,270,258,0.36169968418030435,0.9555555555555556,466,0.3712486435071876,0.958209449368896,./data/img/352.png,BOLT
353,204,389,0.3756237713594435,0.5244215938303342,278,0.5911191142238372,0.9402891120058288,./data/img/353.png,BOLT
354,372,418,0.3295390235118588,0.8899521531100478,467,0.46121259072283,0.9687413798857338,./data/img/354.png,BOLT
355,260,182,0.5853338968723584,0.7,353,0.341685145645969,0.9875945829158455,./data/img/355.png,BOLT
356,343,446,0.3307207572330662,0.7690582959641256,677,0.48574655166184133,0.9665754383054523,./data/img/356.png,BOLT
357,633,308,0.4261402105004001,0.48657187993680884,1629,0.5283484315605373,1.0219877435727782,./data/img/357.png,BOLT
358,602,417,0.35499573762916575,0.6926910299003323,1246,0.5247843180756527,1.0949150349604837,./data/img/358.png,BOLT
359,216,265,0.45167714884696014,0.8150943396226416,592,0.41959538660855544,1.275683234858166,./data/img/359.png,BOLT
360,244,667,0.4856895322830388,0.3658170914542729,1647,0.575478385655135,1.2654205381412276,./data/img/360.png,BOLT
361,430,305,0.36661837590545177,0.7093023255813954,773,0.4765257999577511,0.9513347663036009,./data/img/361.png,BOLT
362,168,274,0.5499435175530066,0.6131386861313869,288,0.435019880057899,1.0589224363074583,./data/img/362.png,BOLT
363,389,259,0.31372393326120834,0.6658097686375322,434,0.5817218725984183,1.0488995300766863,./data/img/363.png,BOLT
364,401,167,0.4511177146952977,0.4164588528678304,223,0.5997649894744005,0.9911704964830842,./data/img/364.png,BOLT
365,247,170,0.5495356037151703,0.6882591093117408,423,0.40246285877026217,1.3481175949533495,./data/img/365.png,BOLT
366,448,296,0.3590130308880309,0.6607142857142857,506,0.5246061512801012,1.0513906204892742,./data/img/366.png,BOLT
367,184,273,0.46555980251632423,0.673992673992674,450,0.4269068378731557,1.0825868731515413,./data/img/367.png,BOLT
368,407,161,0.49466632075327727,0.3955773955773956,352,0.591403632793581,1.0219026151257502,./data/img/368.png,BOLT
369,417,407,0.3126933342760681,0.9760191846522782,1243,0.4497673874426726,1.2709645288951188,./data/img/369.png,BOLT
370,195,333,0.42604142604142603,0.5855855855855856,397,0.4856524717598647,1.0120799999796983,./data/img/370.png,BOLT
371,162,260,0.5715811965811965,0.6230769230769231,575,0.4023730154684542,1.3664290834377162,./data/img/371.png,BOLT
374,350,310,0.2836589861751152,0.8857142857142857,442,0.5350757144178564,0.9076028024608439,./data/img/374.png,BOLT
375,432,618,0.3070013784010548,0.6990291262135923,1557,0.5344084376928577,1.1961567916188922,./data/img/375.png,BOLT
377,575,508,0.30174255391989047,0.8834782608695653,1547,0.47724995923865815,0.9204781177631706,./data/img/377.png,BOLT
378,451,223,0.48768556173127975,0.49445676274944567,864,0.49587647962991516,1.2505190605048964,./data/img/378.png,BOLT
381,274,200,0.505985401459854,0.7299270072992701,537,0.3824065282543932,1.0508750739982862,./data/img/381.png,BOLT
382,466,243,0.5280117981596284,0.5214592274678111,598,0.48159813024156034,1.214091637491003,./data/img/382.png,BOLT
383,443,445,0.24713013924468005,0.9955056179775281,1027,0.01843439619633725,0.884659649216914,./data/img/383.png,WASHER
384,227,297,0.4161438170248743,0.7643097643097643,487,0.39607281110913306,1.2430950567012524,./data/img/384.png,BOLT
385,281,158,0.48213883508266137,0.5622775800711743,227,0.501124914578411,1.0675128168831653,./data/img/385.png,BOLT
386,380,543,0.32257439178055636,0.6998158379373849,1039,0.51345896740221,1.0822941403864264,./data/img/386.png,BOLT
387,306,304,0.4824668902648779,0.9934640522875817,467,0.00553251343375912,0.845774421633267,./data/img/387.png,WASHER
388,226,224,0.4811156763590392,0.9911504424778761,376,0.08129055904315273,0.9102606915103064,./data/img/388.png,NUT
389,244,234,0.3920414740086871,0.9590163934426229,240,0.10753099059443832,0.8348991175076952,./data/img/389.png,NUT
390,312,316,0.4727462674456345,0.9873417721518988,562,0.02170344300007611,0.8347708705314405,./data/img/390.png,WASHER
391,293,329,0.3421372034399411,0.8905775075987842,417,0.19612515224640567,0.8912360170838151,./data/img/391.png,NUT
392,834,599,0.31612639771321505,0.7182254196642686,2661,0.5330130211515328,1.0408430698861297,./data/img/392.png,BOLT
393,417,421,0.44927858188508574,0.9904988123515439,1102,0.015305464755486182,0.8514605571375826,./data/img/393.png,WASHER
394,339,303,0.43689944215660503,0.8938053097345132,552,0.10844181947423152,0.9179429377536537,./data/img/394.png,NUT
395,246,231,0.634181536620561,0.9390243902439024,347,0.09974478247339516,0.8352287389197439,./data/img/395.png,NUT
396,343,300,0.4770651117589893,0.8746355685131195,672,0.13149120286229712,0.8782603225292722,./data/img/396.png,NUT
397,278,329,0.3747020620585598,0.8449848024316109,460,0.42948404582647237,1.1327617635836909,./data/img/397.png,BOLT
398,325,222,0.5285932085932086,0.683076923076923,584,0.3976206486045489,1.2273352328122642,./data/img/398.png,BOLT
399,499,503,0.16318920146455934,0.9920477137176938,279,0.011627269871921551,0.8372464223417218,./data/img/399.png,WASHER
400,332,342,0.49097266258014516,0.9707602339181286,674,0.029580133918292242,0.8355127603965272,./data/img/400.png,WASHER
401,326,316,0.348654577929642,0.9693251533742331,765,0.3792057963531485,1.1149336470064717,./data/img/401.png,BOLT
402,411,430,0.27800599784982744,0.9558139534883721,1453,0.06681784971437628,0.876626926284908,./data/img/402.png,WASHER
403,243,241,0.4865187917285658,0.9917695473251029,462,0.29600799590942983,1.0989954020858796,./data/img/403.png,BOLT
404,354,361,0.421428236067421,0.9806094182825484,833,0.036443658751228576,0.8548515534067488,./data/img/404.png,WASHER
405,215,215,0.5782152514872905,1.0,446,0.1363013543114558,0.8907225827838099,./data/img/405.png,NUT
406,226,201,0.4311847840443799,0.8893805309734514,242,0.4021849125555656,0.8673879860156593,./data/img/406.png,BOLT
407,455,435,0.31573070607553366,0.9560439560439561,433,0.44660574702261435,0.9962055818418438,./data/img/407.png,BOLT
408,280,283,0.4874684502776376,0.9893992932862191,454,0.013332086907543256,0.8337767342267621,./data/img/408.png,WASHER
409,338,345,0.3068776262756196,0.9797101449275363,624,0.024646220528303144,0.8387460057592322,./data/img/409.png,WASHER
410,272,273,0.45201734539969834,0.9963369963369964,372,0.08869620845373509,0.958937395603285,./data/img/410.png,NUT
411,667,614,0.27909742197305254,0.9205397301349325,2127,0.47771916931128294,0.9522423861456699,./data/img/411.png,BOLT
412,83,82,0.6918895092565384,0.9879518072289156,85,0.07390157463275096,0.8257346099073236,./data/img/412.png,NUT
413,94,88,0.6652562862669246,0.9361702127659575,140,0.11218630282705448,0.8336895157347669,./data/img/413.png,WASHER
414,93,89,0.6977165639724537,0.956989247311828,99,0.04369392013233093,0.8303565402607341,./data/img/414.png,WASHER
415,88,78,0.6860431235431236,0.8863636363636364,116,0.17331138653794417,0.8715737318418112,./data/img/415.png,NUT
416,91,93,0.662767340186695,0.978494623655914,110,0.054446608304373936,0.8325867257688356,./data/img/416.png,WASHER
417,61,137,0.5333253559889912,0.44525547445255476,166,0.5569096983753373,0.9578809292629512,./data/img/417.png,BOLT
418,91,93,0.6826184568120052,0.978494623655914,154,0.044503262252807284,0.87551876384279,./data/img/418.png,WASHER
419,52,138,0.6390746934225195,0.37681159420289856,129,0.5535141054264338,1.0168208313615699,./data/img/419.png,BOLT
420,83,80,0.6536144578313253,0.963855421686747,172,0.13406995901364804,0.9453708741562498,./data/img/420.png,NUT
421,92,84,0.6713250517598344,0.9130434782608695,111,0.11745156604395109,0.8289946879852902,./data/img/421.png,WASHER
422,84,133,0.40440386680988183,0.631578947368421,184,0.5490083166000035,1.0395028159915027,./data/img/422.png,BOLT
423,91,89,0.6952710211137177,0.978021978021978,105,0.021661899661184498,0.8323999885055754,./data/img/423.png,WASHER
424,91,87,0.6914235190097259,0.9560439560439561,143,0.053179832278018216,0.8752952780616418,./data/img/424.png,WASHER
425,81,82,0.6936163806082505,0.9878048780487805,156,0.06752189926895329,0.8622030893717807,./data/img/425.png,NUT
426,93,88,0.6717986314760508,0.946236559139785,113,0.06623987920274368,0.8454385910244936,./data/img/426.png,WASHER
427,139,61,0.5624484019341903,0.43884892086330934,228,0.5472893698567413,0.9835102710127831,./data/img/427.png,BOLT
428,93,85,0.6559139784946236,0.9139784946236559,139,0.12931075444843684,0.8365340718392575,./data/img/428.png,WASHER
429,92,89,0.6684171958964338,0.967391304347826,134,0.03799740725378095,0.8463865110228733,./data/img/429.png,WASHER
430,84,82,0.687137049941928,0.9761904761904762,94,0.09144975069903556,0.8594001441834921,./data/img/430.png,NUT
431,103,126,0.3393435043920481,0.8174603174603174,128,0.5177929731732104,0.8347506455458928,./data/img/431.png,BOLT
432,93,89,0.7032741331400266,0.956989247311828,98,0.047509390128862315,0.8294138305789822,./data/img/432.png,WASHER
433,91,90,0.6929181929181929,0.989010989010989,115,0.02063545357979336,0.8317077541878211,./data/img/433.png,WASHER
434,83,77,0.7002034110467845,0.927710843373494,99,0.1300055084402702,0.9027412392199039,./data/img/434.png,NUT
435,95,126,0.36758563074352546,0.753968253968254,90,0.5193991712079798,0.9631900633622079,./data/img/435.png,BOLT
436,82,81,0.6788617886178862,0.9878048780487805,146,0.09154034067287953,0.8282427604944428,./data/img/436.png,NUT
437,93,86,0.6307826956739184,0.9247311827956989,139,0.13763541625905076,0.8299436828943604,./data/img/437.png,WASHER
439,74,86,0.6137649277184161,0.8604651162790697,120,0.38619589189934117,0.9649271618574857,./data/img/439.png,WASHER
440,105,119,0.5037214885954382,0.8823529411764706,148,0.49544688876995024,0.9088969933135169,./data/img/440.png,BOLT
